{
  "projects": [
    {
      "name": "Dimsum",
      "description": "Dimsum adalah jenis masakan tradisional dari Cina yang terdiri dari berbagai hidangan kecil, biasanya disajikan dalam porsi kecil dan dimakan sebagai sarapan atau camilan. Kata \"dimsum\" sendiri berasal dari bahasa Kantonis yang berarti \"sesuatu yang disentuh hati.\" Dimsum mencakup berbagai hidangan seperti bakpao, pangsit, siomay, bola ikan, dan berbagai jenis kue atau bola daging yang dikukus.",
      "imageUrl": "/img/Dimsum.jpg",
      "budget": 20000,
      "isActive": true,
      "id": "2"
    },
    {
      "name": "Nasi Goreng",
      "description": "Nasi goreng adalah hidangan nasi yang digoreng dalam minyak dan dicampur dengan berbagai bumbu, saus, daging, dan sayuran. Makanan ini sangat populer di Indonesia dan merupakan salah satu masakan yang diakui secara internasional sebagai hidangan khas Indonesia. Nasi goreng biasanya disajikan bersama pelengkap seperti telur mata sapi, irisan mentimun, tomat, acar, dan kerupuk.",
      "imageUrl": "/img/Nasi Goreng.jpg",
      "budget": 15000,
      "isActive": true,
      "id": "4"
    },
    {
      "name": "Rendanggggggggggg",
      "description": "Rendang adalah hidangan daging asal Minangkabau, Sumatra Barat, Indonesia. Hidangan ini terkenal karena proses memasaknya yang panjang dan kaya akan rempah-rempah, sehingga menghasilkan daging yang empuk dan bumbu yang meresap.",
      "imageUrl": "/img/Rendang.jpg",
      "budget": 20000,
      "isActive": false,
      "id": "6"
    },
    {
      "name": "Siomay",
      "description": "Siomay terdiri dari potongan-potongan daging yang biasanya terbuat dari ikan tenggiri atau udang, serta beberapa sayuran seperti kentang, kol, telur, dan tahu. Semua bahan-bahan ini dicincang halus dan dicampur dengan bumbu tertentu sebelum dimasukkan ke dalam kulit pangsit yang tipis. Kulit pangsit ini kemudian direbus atau dikukus hingga matang.",
      "imageUrl": "/img/Siomay.jpg",
      "budget": 15000,
      "isActive": false,
      "id": "7"
    },
    {
      "name": "Mie Ayam",
      "description": "Mie ayam adalah hidangan mie yang umumnya terdiri dari mie pangsit yang direbus atau digoreng, disajikan dengan potongan daging ayam, sayuran seperti sawi, dan beberapa bumbu serta kuah kental yang umumnya terbuat dari kaldu ayam. Makanan ini sering diberi tambahan bawang goreng, daun seledri, dan bawang putih goreng untuk memberikan cita rasa dan aroma yang kaya.",
      "imageUrl": "/img/Mie Ayam.jpg",
      "budget": 13000,
      "isActive": false,
      "id": "10"
    },
    {
      "id": "7",
      "name": "KOLAK",
      "imageUrl": "https://th.bing.com/th/id/OIP._rKt7Co6wVvrxQVfSbyagQHaE-?w=275&h=184&c=7&r=0&o=5&pid=1.7",
      "description": "KOLAK ITU ENAK",
      "budget": "13000"
    }
  ],
  "user": [
    {
      "id": "123",
      "username": "abi",
      "password": "1234"
    }
  ]
}